timeStamp,elapsed,label,responseCode,responseMessage,threadName,dataType,success,failureMessage,bytes,sentBytes,grpThreads,allThreads,URL,Latency,IdleTime,Connect
1652806858467,2714,[USER] POST USER [ITERATE 1000],200,OK,setUp Thread Group 1-18,text,true,,140,376,100,100,http://localhost:8080/v1/user,2714,0,1
1652806858847,2334,[USER] POST USER [ITERATE 1000],200,OK,setUp Thread Group 1-56,text,true,,140,376,100,100,http://localhost:8080/v1/user,2334,0,1
1652806858936,2245,[USER] POST USER [ITERATE 1000],200,OK,setUp Thread Group 1-65,text,true,,140,376,100,100,http://localhost:8080/v1/user,2245,0,0
1652806858856,2326,[USER] POST USER [ITERATE 1000],200,OK,setUp Thread Group 1-57,text,true,,140,376,100,100,http://localhost:8080/v1/user,2326,0,0
1652806858825,2354,[USER] POST USER [ITERATE 1000],200,OK,setUp Thread Group 1-54,text,true,,140,376,100,100,http://localhost:8080/v1/user,2350,0,0
1652806859215,1963,[USER] POST USER [ITERATE 1000],200,OK,setUp Thread Group 1-93,text,true,,140,376,100,100,http://localhost:8080/v1/user,1963,0,0
1652806858995,2189,[USER] POST USER [ITERATE 1000],200,OK,setUp Thread Group 1-71,text,true,,140,376,100,100,http://localhost:8080/v1/user,2189,0,0
1652806858646,2538,[USER] POST USER [ITERATE 1000],200,OK,setUp Thread Group 1-36,text,true,,140,376,100,100,http://localhost:8080/v1/user,2538,0,0
1652806858717,2467,[USER] POST USER [ITERATE 1000],200,OK,setUp Thread Group 1-43,text,true,,140,376,100,100,http://localhost:8080/v1/user,2467,0,1
1652806858436,2743,[USER] POST USER [ITERATE 1000],200,OK,setUp Thread Group 1-8,text,true,,140,374,100,100,http://localhost:8080/v1/user,2739,0,20
1652806858591,2588,[USER] POST USER [ITERATE 1000],200,OK,setUp Thread Group 1-30,text,true,,140,376,100,100,http://localhost:8080/v1/user,2581,0,0
1652806859154,2030,[USER] POST USER [ITERATE 1000],200,OK,setUp Thread Group 1-87,text,true,,140,376,100,100,http://localhost:8080/v1/user,2030,0,1
1652806858482,2703,[USER] POST USER [ITERATE 1000],200,OK,setUp Thread Group 1-19,text,true,,140,376,100,100,http://localhost:8080/v1/user,2703,0,1
1652806859024,2161,[USER] POST USER [ITERATE 1000],200,OK,setUp Thread Group 1-74,text,true,,140,376,100,100,http://localhost:8080/v1/user,2161,0,1
1652806858955,2230,[USER] POST USER [ITERATE 1000],200,OK,setUp Thread Group 1-67,text,true,,140,376,100,100,http://localhost:8080/v1/user,2230,0,0
1652806858785,2400,[USER] POST USER [ITERATE 1000],200,OK,setUp Thread Group 1-50,text,true,,140,376,100,100,http://localhost:8080/v1/user,2400,0,0
1652806858669,2510,[USER] POST USER [ITERATE 1000],200,OK,setUp Thread Group 1-38,text,true,,140,376,100,100,http://localhost:8080/v1/user,2508,0,1
1652806858440,2743,[USER] POST USER [ITERATE 1000],200,OK,setUp Thread Group 1-15,text,true,,140,376,100,100,http://localhost:8080/v1/user,2743,0,16
1652806858436,2749,[USER] POST USER [ITERATE 1000],200,OK,setUp Thread Group 1-11,text,true,,140,376,100,100,http://localhost:8080/v1/user,2740,0,21
1652806858895,2290,[USER] POST USER [ITERATE 1000],200,OK,setUp Thread Group 1-61,text,true,,140,376,100,100,http://localhost:8080/v1/user,2280,0,0
1652806858434,2751,[USER] POST USER [ITERATE 1000],200,OK,setUp Thread Group 1-13,text,true,,140,376,100,100,http://localhost:8080/v1/user,2751,0,22
1652806859034,2152,[USER] POST USER [ITERATE 1000],200,OK,setUp Thread Group 1-75,text,true,,140,376,100,100,http://localhost:8080/v1/user,2152,0,1
1652806859255,1931,[USER] POST USER [ITERATE 1000],200,OK,setUp Thread Group 1-97,text,true,,140,376,100,100,http://localhost:8080/v1/user,1920,0,1
1652806859085,2101,[USER] POST USER [ITERATE 1000],200,OK,setUp Thread Group 1-80,text,true,,140,376,100,100,http://localhost:8080/v1/user,2101,0,1
1652806858765,2421,[USER] POST USER [ITERATE 1000],200,OK,setUp Thread Group 1-48,text,true,,140,376,100,100,http://localhost:8080/v1/user,2421,0,0
1652806858434,2753,[USER] POST USER [ITERATE 1000],200,OK,setUp Thread Group 1-6,text,true,,140,374,100,100,http://localhost:8080/v1/user,2741,0,22
1652806858617,2570,[USER] POST USER [ITERATE 1000],200,OK,setUp Thread Group 1-33,text,true,,140,376,100,100,http://localhost:8080/v1/user,2570,0,1
1652806859125,2062,[USER] POST USER [ITERATE 1000],200,OK,setUp Thread Group 1-84,text,true,,140,376,100,100,http://localhost:8080/v1/user,2062,0,0
1652806858579,2609,[USER] POST USER [ITERATE 1000],200,OK,setUp Thread Group 1-29,text,true,,140,376,100,100,http://localhost:8080/v1/user,2596,0,1
1652806858695,2493,[USER] POST USER [ITERATE 1000],200,OK,setUp Thread Group 1-41,text,true,,140,376,100,100,http://localhost:8080/v1/user,2493,0,0
1652806859015,2173,[USER] POST USER [ITERATE 1000],200,OK,setUp Thread Group 1-73,text,true,,140,376,100,100,http://localhost:8080/v1/user,2173,0,1
1652806859064,2124,[USER] POST USER [ITERATE 1000],200,OK,setUp Thread Group 1-78,text,true,,140,376,100,100,http://localhost:8080/v1/user,2113,0,1
1652806858835,2353,[USER] POST USER [ITERATE 1000],200,OK,setUp Thread Group 1-55,text,true,,140,376,100,100,http://localhost:8080/v1/user,2353,0,0
1652806858685,2503,[USER] POST USER [ITERATE 1000],200,OK,setUp Thread Group 1-40,text,true,,140,376,100,100,http://localhost:8080/v1/user,2503,0,0
1652806858525,2663,[USER] POST USER [ITERATE 1000],200,OK,setUp Thread Group 1-24,text,true,,140,376,100,100,http://localhost:8080/v1/user,2663,0,1
1652806858457,2732,[USER] POST USER [ITERATE 1000],200,OK,setUp Thread Group 1-17,text,true,,140,376,100,100,http://localhost:8080/v1/user,2720,0,1
1652806858599,2585,[USER] POST USER [ITERATE 1000],200,OK,setUp Thread Group 1-31,text,true,,140,376,100,100,http://localhost:8080/v1/user,2585,0,0
1652806859245,1944,[USER] POST USER [ITERATE 1000],200,OK,setUp Thread Group 1-96,text,true,,140,376,100,100,http://localhost:8080/v1/user,1944,0,0
1652806858434,2748,[USER] POST USER [ITERATE 1000],200,OK,setUp Thread Group 1-9,text,true,,140,374,100,100,http://localhost:8080/v1/user,2748,0,22
1652806859165,2017,[USER] POST USER [ITERATE 1000],200,OK,setUp Thread Group 1-88,text,true,,140,376,100,100,http://localhost:8080/v1/user,2017,0,0
1652806859045,2134,[USER] POST USER [ITERATE 1000],200,OK,setUp Thread Group 1-76,text,true,,140,376,100,100,http://localhost:8080/v1/user,2134,0,0
1652806858625,2554,[USER] POST USER [ITERATE 1000],200,OK,setUp Thread Group 1-34,text,true,,140,376,100,100,http://localhost:8080/v1/user,2554,0,1
1652806859275,1915,[USER] POST USER [ITERATE 1000],200,OK,setUp Thread Group 1-99,text,true,,140,376,100,100,http://localhost:8080/v1/user,1902,0,0
1652806859195,1995,[USER] POST USER [ITERATE 1000],200,OK,setUp Thread Group 1-91,text,true,,140,376,100,100,http://localhost:8080/v1/user,1995,0,0
1652806858436,2754,[USER] POST USER [ITERATE 1000],200,OK,setUp Thread Group 1-14,text,true,,140,376,100,100,http://localhost:8080/v1/user,2747,0,20
1652806858875,2315,[USER] POST USER [ITERATE 1000],200,OK,setUp Thread Group 1-59,text,true,,140,376,100,100,http://localhost:8080/v1/user,2315,0,0
1652806859235,1955,[USER] POST USER [ITERATE 1000],200,OK,setUp Thread Group 1-95,text,true,,140,376,100,100,http://localhost:8080/v1/user,1941,0,0
1652806858499,2691,[USER] POST USER [ITERATE 1000],200,OK,setUp Thread Group 1-21,text,true,,140,376,100,100,http://localhost:8080/v1/user,2691,0,0
1652806859184,2006,[USER] POST USER [ITERATE 1000],200,OK,setUp Thread Group 1-90,text,true,,140,376,100,100,http://localhost:8080/v1/user,1992,0,1
1652806859095,2096,[USER] POST USER [ITERATE 1000],200,OK,setUp Thread Group 1-81,text,true,,140,376,100,100,http://localhost:8080/v1/user,2096,0,1
1652806858984,2207,[USER] POST USER [ITERATE 1000],200,OK,setUp Thread Group 1-70,text,true,,140,376,100,100,http://localhost:8080/v1/user,2192,0,1
1652806858776,2416,[USER] POST USER [ITERATE 1000],200,OK,setUp Thread Group 1-49,text,true,,140,376,100,100,http://localhost:8080/v1/user,2416,0,0
1652806858914,2279,[USER] POST USER [ITERATE 1000],200,OK,setUp Thread Group 1-63,text,true,,140,376,100,100,http://localhost:8080/v1/user,2262,0,1
1652806858635,2558,[USER] POST USER [ITERATE 1000],200,OK,setUp Thread Group 1-35,text,true,,140,376,100,100,http://localhost:8080/v1/user,2558,0,0
1652806858434,2762,[USER] POST USER [ITERATE 1000],200,OK,setUp Thread Group 1-12,text,true,,140,376,100,100,http://localhost:8080/v1/user,2761,0,22
1652806858805,2391,[USER] POST USER [ITERATE 1000],200,OK,setUp Thread Group 1-52,text,true,,140,376,100,100,http://localhost:8080/v1/user,2391,0,0
1652806858965,2231,[USER] POST USER [ITERATE 1000],200,OK,setUp Thread Group 1-68,text,true,,140,376,100,100,http://localhost:8080/v1/user,2211,0,0
1652806859264,1932,[USER] POST USER [ITERATE 1000],200,OK,setUp Thread Group 1-98,text,true,,140,376,100,100,http://localhost:8080/v1/user,1912,0,1
1652806858436,2761,[USER] POST USER [ITERATE 1000],200,OK,setUp Thread Group 1-5,text,true,,140,374,100,100,http://localhost:8080/v1/user,2734,0,20
1652806858555,2642,[USER] POST USER [ITERATE 1000],200,OK,setUp Thread Group 1-27,text,true,,140,376,100,100,http://localhost:8080/v1/user,2642,0,0
1652806858794,2403,[USER] POST USER [ITERATE 1000],200,OK,setUp Thread Group 1-51,text,true,,140,376,100,100,http://localhost:8080/v1/user,2403,0,1
1652806859205,1992,[USER] POST USER [ITERATE 1000],200,OK,setUp Thread Group 1-92,text,true,,140,376,100,100,http://localhost:8080/v1/user,1992,0,1
1652806859286,1912,[USER] POST USER [ITERATE 1000],200,OK,setUp Thread Group 1-100,text,true,,140,378,100,100,http://localhost:8080/v1/user,1912,0,0
1652806858565,2633,[USER] POST USER [ITERATE 1000],200,OK,setUp Thread Group 1-28,text,true,,140,376,100,100,http://localhost:8080/v1/user,2633,0,0
1652806858925,2274,[USER] POST USER [ITERATE 1000],200,OK,setUp Thread Group 1-64,text,true,,140,376,100,100,http://localhost:8080/v1/user,2274,0,0
1652806858516,2683,[USER] POST USER [ITERATE 1000],200,OK,setUp Thread Group 1-23,text,true,,140,376,100,100,http://localhost:8080/v1/user,2683,0,0
1652806858437,2763,[USER] POST USER [ITERATE 1000],200,OK,setUp Thread Group 1-3,text,true,,140,374,100,100,http://localhost:8080/v1/user,2763,0,20
1652806858445,2758,[USER] POST USER [ITERATE 1000],200,OK,setUp Thread Group 1-16,text,true,,140,376,100,100,http://localhost:8080/v1/user,2758,0,11
1652806859005,2174,[USER] POST USER [ITERATE 1000],200,OK,setUp Thread Group 1-72,text,true,,140,376,100,100,http://localhost:8080/v1/user,2169,0,0
1652806858821,2358,[USER] POST USER [ITERATE 1000],200,OK,setUp Thread Group 1-53,text,true,,140,376,100,100,http://localhost:8080/v1/user,2349,0,0
1652806859144,2060,[USER] POST USER [ITERATE 1000],200,OK,setUp Thread Group 1-86,text,true,,140,376,100,100,http://localhost:8080/v1/user,2060,0,1
1652806858436,2743,[USER] POST USER [ITERATE 1000],200,OK,setUp Thread Group 1-4,text,true,,140,374,100,100,http://localhost:8080/v1/user,2738,0,20
1652806858885,2294,[USER] POST USER [ITERATE 1000],200,OK,setUp Thread Group 1-60,text,true,,140,376,100,100,http://localhost:8080/v1/user,2289,0,0
1652806859224,1955,[USER] POST USER [ITERATE 1000],200,OK,setUp Thread Group 1-94,text,true,,140,376,100,100,http://localhost:8080/v1/user,1955,0,1
1652806858490,2689,[USER] POST USER [ITERATE 1000],200,OK,setUp Thread Group 1-20,text,true,,140,376,100,100,http://localhost:8080/v1/user,2684,0,0
1652806858505,2674,[USER] POST USER [ITERATE 1000],200,OK,setUp Thread Group 1-22,text,true,,140,376,100,100,http://localhost:8080/v1/user,2667,0,1
1652806858436,2773,[USER] POST USER [ITERATE 1000],200,OK,setUp Thread Group 1-10,text,true,,140,376,100,100,http://localhost:8080/v1/user,2773,0,20
1652806858867,2312,[USER] POST USER [ITERATE 1000],200,OK,setUp Thread Group 1-58,text,true,,140,376,100,100,http://localhost:8080/v1/user,2305,0,0
1652806858536,2643,[USER] POST USER [ITERATE 1000],200,OK,setUp Thread Group 1-25,text,true,,140,376,100,100,http://localhost:8080/v1/user,2633,0,0
1652806859074,2105,[USER] POST USER [ITERATE 1000],200,OK,setUp Thread Group 1-79,text,true,,140,376,100,100,http://localhost:8080/v1/user,2105,0,1
1652806859055,2124,[USER] POST USER [ITERATE 1000],200,OK,setUp Thread Group 1-77,text,true,,140,376,100,100,http://localhost:8080/v1/user,2114,0,0
1652806858655,2524,[USER] POST USER [ITERATE 1000],200,OK,setUp Thread Group 1-37,text,true,,140,376,100,100,http://localhost:8080/v1/user,2514,0,1
1652806859175,2037,[USER] POST USER [ITERATE 1000],200,OK,setUp Thread Group 1-89,text,true,,140,376,100,100,http://localhost:8080/v1/user,2037,0,1
1652806858727,2452,[USER] POST USER [ITERATE 1000],200,OK,setUp Thread Group 1-44,text,true,,140,376,100,100,http://localhost:8080/v1/user,2452,0,0
1652806859104,2075,[USER] POST USER [ITERATE 1000],200,OK,setUp Thread Group 1-82,text,true,,140,376,100,100,http://localhost:8080/v1/user,2075,0,1
1652806858756,2423,[USER] POST USER [ITERATE 1000],200,OK,setUp Thread Group 1-47,text,true,,140,376,100,100,http://localhost:8080/v1/user,2413,0,1
1652806859135,2044,[USER] POST USER [ITERATE 1000],200,OK,setUp Thread Group 1-85,text,true,,140,376,100,100,http://localhost:8080/v1/user,2042,0,0
1652806858545,2634,[USER] POST USER [ITERATE 1000],200,OK,setUp Thread Group 1-26,text,true,,140,376,100,100,http://localhost:8080/v1/user,2632,0,0
1652806858905,2274,[USER] POST USER [ITERATE 1000],200,OK,setUp Thread Group 1-62,text,true,,140,376,100,100,http://localhost:8080/v1/user,2272,0,0
1652806858739,2439,[USER] POST USER [ITERATE 1000],200,OK,setUp Thread Group 1-45,text,true,,140,376,100,100,http://localhost:8080/v1/user,2439,0,0
1652806858434,2744,[USER] POST USER [ITERATE 1000],200,OK,setUp Thread Group 1-1,text,true,,140,374,100,100,http://localhost:8080/v1/user,2744,0,22
1652806858944,2233,[USER] POST USER [ITERATE 1000],200,OK,setUp Thread Group 1-66,text,true,,140,376,100,100,http://localhost:8080/v1/user,2225,0,1
1652806858676,2502,[USER] POST USER [ITERATE 1000],200,OK,setUp Thread Group 1-39,text,true,,140,376,100,100,http://localhost:8080/v1/user,2502,0,0
1652806858609,2609,[USER] POST USER [ITERATE 1000],200,OK,setUp Thread Group 1-32,text,true,,140,376,100,100,http://localhost:8080/v1/user,2609,0,1
1652806858436,2741,[USER] POST USER [ITERATE 1000],200,OK,setUp Thread Group 1-7,text,true,,140,374,100,100,http://localhost:8080/v1/user,2741,0,20
1652806859114,2063,[USER] POST USER [ITERATE 1000],200,OK,setUp Thread Group 1-83,text,true,,140,376,100,100,http://localhost:8080/v1/user,2063,0,1
1652806858434,2788,[USER] POST USER [ITERATE 1000],200,OK,setUp Thread Group 1-2,text,true,,140,374,100,100,http://localhost:8080/v1/user,2788,0,23
1652806858704,2520,[USER] POST USER [ITERATE 1000],200,OK,setUp Thread Group 1-42,text,true,,140,376,100,100,http://localhost:8080/v1/user,2520,0,1
1652806858975,2251,[USER] POST USER [ITERATE 1000],200,OK,setUp Thread Group 1-69,text,true,,140,376,100,100,http://localhost:8080/v1/user,2251,0,0
1652806858748,2482,[USER] POST USER [ITERATE 1000],200,OK,setUp Thread Group 1-46,text,true,,140,376,100,100,http://localhost:8080/v1/user,2482,0,1
1652806861186,2716,[PET] POST PET [ITERATE 1000],200,OK,setUp Thread Group 1-61,text,true,,140,309,100,100,http://localhost:8080/v1/pet,2716,0,0
1652806861189,2714,[PET] POST PET [ITERATE 1000],200,OK,setUp Thread Group 1-31,text,true,,140,309,100,100,http://localhost:8080/v1/pet,2714,0,0
1652806861215,2688,[PET] POST PET [ITERATE 1000],200,OK,setUp Thread Group 1-26,text,true,,140,309,100,100,http://localhost:8080/v1/pet,2688,0,0
1652806861204,2699,[PET] POST PET [ITERATE 1000],200,OK,setUp Thread Group 1-53,text,true,,140,309,100,100,http://localhost:8080/v1/pet,2699,0,0
1652806861192,2711,[PET] POST PET [ITERATE 1000],200,OK,setUp Thread Group 1-43,text,true,,140,309,100,100,http://localhost:8080/v1/pet,2711,0,0
1652806861210,2693,[PET] POST PET [ITERATE 1000],200,OK,setUp Thread Group 1-58,text,true,,140,309,100,100,http://localhost:8080/v1/pet,2693,0,0
1652806861207,2697,[PET] POST PET [ITERATE 1000],200,OK,setUp Thread Group 1-60,text,true,,140,309,100,100,http://localhost:8080/v1/pet,2697,0,0
1652806861190,2716,[PET] POST PET [ITERATE 1000],200,OK,setUp Thread Group 1-95,text,true,,140,309,100,100,http://localhost:8080/v1/pet,2716,0,0
1652806861210,2697,[PET] POST PET [ITERATE 1000],200,OK,setUp Thread Group 1-25,text,true,,140,309,100,100,http://localhost:8080/v1/pet,2697,0,0
1652806861230,2680,[PET] POST PET [ITERATE 1000],200,OK,setUp Thread Group 1-46,text,true,,140,309,100,100,http://localhost:8080/v1/pet,2680,0,0
1652806861187,2724,[PET] POST PET [ITERATE 1000],200,OK,setUp Thread Group 1-48,text,true,,140,309,100,100,http://localhost:8080/v1/pet,2724,0,0
1652806861186,2734,[PET] POST PET [ITERATE 1000],200,OK,setUp Thread Group 1-75,text,true,,140,309,100,100,http://localhost:8080/v1/pet,2734,0,0
1652806861184,2737,[PET] POST PET [ITERATE 1000],200,OK,setUp Thread Group 1-30,text,true,,140,309,100,100,http://localhost:8080/v1/pet,2737,0,0
1652806861193,2729,[PET] POST PET [ITERATE 1000],200,OK,setUp Thread Group 1-63,text,true,,140,309,100,100,http://localhost:8080/v1/pet,2729,0,0
1652806861189,2733,[PET] POST PET [ITERATE 1000],200,OK,setUp Thread Group 1-88,text,true,,140,309,100,100,http://localhost:8080/v1/pet,2733,0,0
1652806861216,2707,[PET] POST PET [ITERATE 1000],200,OK,setUp Thread Group 1-45,text,true,,140,309,100,100,http://localhost:8080/v1/pet,2707,0,0
1652806861197,2727,[PET] POST PET [ITERATE 1000],200,OK,setUp Thread Group 1-51,text,true,,140,309,100,100,http://localhost:8080/v1/pet,2727,0,0
1652806861189,2735,[PET] POST PET [ITERATE 1000],200,OK,setUp Thread Group 1-96,text,true,,140,309,100,100,http://localhost:8080/v1/pet,2735,0,0
1652806861190,2739,[PET] POST PET [ITERATE 1000],200,OK,setUp Thread Group 1-34,text,true,,140,309,100,100,http://localhost:8080/v1/pet,2739,0,0
1652806861197,2732,[PET] POST PET [ITERATE 1000],200,OK,setUp Thread Group 1-5,text,true,,140,308,100,100,http://localhost:8080/v1/pet,2732,0,0
1652806861208,2721,[PET] POST PET [ITERATE 1000],200,OK,setUp Thread Group 1-20,text,true,,140,309,100,100,http://localhost:8080/v1/pet,2721,0,0
1652806861190,2740,[PET] POST PET [ITERATE 1000],200,OK,setUp Thread Group 1-59,text,true,,140,309,100,100,http://localhost:8080/v1/pet,2740,0,0
1652806861190,2741,[PET] POST PET [ITERATE 1000],200,OK,setUp Thread Group 1-76,text,true,,140,309,100,100,http://localhost:8080/v1/pet,2741,0,0
1652806861189,2745,[PET] POST PET [ITERATE 1000],200,OK,setUp Thread Group 1-40,text,true,,140,309,100,100,http://localhost:8080/v1/pet,2745,0,0
1652806861190,2744,[PET] POST PET [ITERATE 1000],200,OK,setUp Thread Group 1-65,text,true,,140,309,100,100,http://localhost:8080/v1/pet,2744,0,0
1652806861209,2727,[PET] POST PET [ITERATE 1000],200,OK,setUp Thread Group 1-10,text,true,,140,309,100,100,http://localhost:8080/v1/pet,2727,0,0
1652806861214,2723,[PET] POST PET [ITERATE 1000],200,OK,setUp Thread Group 1-82,text,true,,140,309,100,100,http://localhost:8080/v1/pet,2723,0,0
1652806861204,2733,[PET] POST PET [ITERATE 1000],200,OK,setUp Thread Group 1-16,text,true,,140,309,100,100,http://localhost:8080/v1/pet,2733,0,0
1652806861198,2743,[PET] POST PET [ITERATE 1000],200,OK,setUp Thread Group 1-28,text,true,,140,309,100,100,http://localhost:8080/v1/pet,2743,0,0
1652806861227,2714,[PET] POST PET [ITERATE 1000],200,OK,setUp Thread Group 1-69,text,true,,140,309,100,100,http://localhost:8080/v1/pet,2714,0,0
1652806861217,2725,[PET] POST PET [ITERATE 1000],200,OK,setUp Thread Group 1-1,text,true,,140,308,100,100,http://localhost:8080/v1/pet,2725,0,0
1652806861204,2739,[PET] POST PET [ITERATE 1000],200,OK,setUp Thread Group 1-86,text,true,,140,309,100,100,http://localhost:8080/v1/pet,2739,0,0
1652806861223,2720,[PET] POST PET [ITERATE 1000],200,OK,setUp Thread Group 1-2,text,true,,140,308,100,100,http://localhost:8080/v1/pet,2720,0,0
1652806861189,2755,[PET] POST PET [ITERATE 1000],200,OK,setUp Thread Group 1-17,text,true,,140,309,100,100,http://localhost:8080/v1/pet,2755,0,0
1652806861224,2725,[PET] POST PET [ITERATE 1000],200,OK,setUp Thread Group 1-42,text,true,,140,309,100,100,http://localhost:8080/v1/pet,2724,0,0
1652806861189,2761,[PET] POST PET [ITERATE 1000],200,OK,setUp Thread Group 1-55,text,true,,140,309,100,100,http://localhost:8080/v1/pet,2761,0,0
1652806861192,2758,[PET] POST PET [ITERATE 1000],200,OK,setUp Thread Group 1-57,text,true,,140,309,100,100,http://localhost:8080/v1/pet,2758,0,0
1652806861191,2759,[PET] POST PET [ITERATE 1000],200,OK,setUp Thread Group 1-21,text,true,,140,309,100,100,http://localhost:8080/v1/pet,2759,0,0
1652806861192,2759,[PET] POST PET [ITERATE 1000],200,OK,setUp Thread Group 1-70,text,true,,140,309,100,100,http://localhost:8080/v1/pet,2759,0,0
1652806861185,2769,[PET] POST PET [ITERATE 1000],200,OK,setUp Thread Group 1-67,text,true,,140,309,100,100,http://localhost:8080/v1/pet,2769,0,0
1652806861190,2764,[PET] POST PET [ITERATE 1000],200,OK,setUp Thread Group 1-99,text,true,,140,309,100,100,http://localhost:8080/v1/pet,2764,0,0
1652806861200,2754,[PET] POST PET [ITERATE 1000],200,OK,setUp Thread Group 1-64,text,true,,140,309,100,100,http://localhost:8080/v1/pet,2754,0,0
1652806861191,2764,[PET] POST PET [ITERATE 1000],200,OK,setUp Thread Group 1-18,text,true,,140,309,100,100,http://localhost:8080/v1/pet,2764,0,0
1652806861197,2758,[PET] POST PET [ITERATE 1000],200,OK,setUp Thread Group 1-98,text,true,,140,309,100,100,http://localhost:8080/v1/pet,2758,0,0
1652806861187,2769,[PET] POST PET [ITERATE 1000],200,OK,setUp Thread Group 1-80,text,true,,140,309,100,100,http://localhost:8080/v1/pet,2769,0,0
1652806861185,2776,[PET] POST PET [ITERATE 1000],200,OK,setUp Thread Group 1-50,text,true,,140,309,100,100,http://localhost:8080/v1/pet,2776,0,0
1652806861197,2765,[PET] POST PET [ITERATE 1000],200,OK,setUp Thread Group 1-27,text,true,,140,309,100,100,http://localhost:8080/v1/pet,2765,0,0
1652806861194,2768,[PET] POST PET [ITERATE 1000],200,OK,setUp Thread Group 1-35,text,true,,140,309,100,100,http://localhost:8080/v1/pet,2768,0,0
1652806861186,2783,[PET] POST PET [ITERATE 1000],200,OK,setUp Thread Group 1-11,text,true,,140,309,100,100,http://localhost:8080/v1/pet,2783,0,0
1652806861197,2778,[PET] POST PET [ITERATE 1000],200,OK,setUp Thread Group 1-68,text,true,,140,309,100,100,http://localhost:8080/v1/pet,2778,0,0
1652806861185,2791,[PET] POST PET [ITERATE 1000],200,OK,setUp Thread Group 1-87,text,true,,140,309,100,100,http://localhost:8080/v1/pet,2791,0,0
1652806861206,2770,[PET] POST PET [ITERATE 1000],200,OK,setUp Thread Group 1-4,text,true,,140,308,100,100,http://localhost:8080/v1/pet,2770,0,0
1652806861196,2781,[PET] POST PET [ITERATE 1000],200,OK,setUp Thread Group 1-52,text,true,,140,309,100,100,http://localhost:8080/v1/pet,2781,0,0
1652806861188,2789,[PET] POST PET [ITERATE 1000],200,OK,setUp Thread Group 1-84,text,true,,140,309,100,100,http://localhost:8080/v1/pet,2789,0,0
1652806861196,2781,[PET] POST PET [ITERATE 1000],200,OK,setUp Thread Group 1-12,text,true,,140,309,100,100,http://localhost:8080/v1/pet,2781,0,0
1652806861189,2793,[PET] POST PET [ITERATE 1000],200,OK,setUp Thread Group 1-24,text,true,,140,309,100,100,http://localhost:8080/v1/pet,2793,0,0
1652806861201,2785,[PET] POST PET [ITERATE 1000],200,OK,setUp Thread Group 1-3,text,true,,140,308,100,100,http://localhost:8080/v1/pet,2785,0,0
1652806861193,2793,[PET] POST PET [ITERATE 1000],200,OK,setUp Thread Group 1-54,text,true,,140,309,100,100,http://localhost:8080/v1/pet,2793,0,0
1652806861197,2855,[PET] POST PET [ITERATE 1000],200,OK,setUp Thread Group 1-92,text,true,,140,309,100,100,http://localhost:8080/v1/pet,2855,0,0
1652806861220,2832,[PET] POST PET [ITERATE 1000],200,OK,setUp Thread Group 1-83,text,true,,140,309,100,100,http://localhost:8080/v1/pet,2832,0,0
1652806861207,2845,[PET] POST PET [ITERATE 1000],200,OK,setUp Thread Group 1-94,text,true,,140,309,100,100,http://localhost:8080/v1/pet,2845,0,0
1652806861193,2901,[PET] POST PET [ITERATE 1000],200,OK,setUp Thread Group 1-93,text,true,,140,309,100,100,http://localhost:8080/v1/pet,2901,0,0
1652806861186,2912,[PET] POST PET [ITERATE 1000],200,OK,setUp Thread Group 1-15,text,true,,140,309,100,100,http://localhost:8080/v1/pet,2912,0,0
1652806861186,2913,[PET] POST PET [ITERATE 1000],200,OK,setUp Thread Group 1-97,text,true,,140,309,100,100,http://localhost:8080/v1/pet,2913,0,0
1652806861200,2904,[PET] POST PET [ITERATE 1000],200,OK,setUp Thread Group 1-23,text,true,,140,309,100,100,http://localhost:8080/v1/pet,2904,0,0
1652806861203,2902,[PET] POST PET [ITERATE 1000],200,OK,setUp Thread Group 1-56,text,true,,140,309,100,100,http://localhost:8080/v1/pet,2901,0,0
1652806861218,2887,[PET] POST PET [ITERATE 1000],200,OK,setUp Thread Group 1-39,text,true,,140,309,100,100,http://localhost:8080/v1/pet,2887,0,0
1652806861212,2894,[PET] POST PET [ITERATE 1000],200,OK,setUp Thread Group 1-44,text,true,,140,309,100,100,http://localhost:8080/v1/pet,2893,0,0
1652806861187,2926,[PET] POST PET [ITERATE 1000],200,OK,setUp Thread Group 1-36,text,true,,140,309,100,100,http://localhost:8080/v1/pet,2926,0,0
1652806861191,2925,[PET] POST PET [ITERATE 1000],200,OK,setUp Thread Group 1-90,text,true,,140,309,100,100,http://localhost:8080/v1/pet,2925,0,0
1652806861189,2928,[PET] POST PET [ITERATE 1000],200,OK,setUp Thread Group 1-9,text,true,,140,308,100,100,http://localhost:8080/v1/pet,2928,0,0
1652806861190,2928,[PET] POST PET [ITERATE 1000],200,OK,setUp Thread Group 1-14,text,true,,140,309,100,100,http://localhost:8080/v1/pet,2928,0,0
1652806861216,2902,[PET] POST PET [ITERATE 1000],200,OK,setUp Thread Group 1-62,text,true,,140,309,100,100,http://localhost:8080/v1/pet,2902,0,0
1652806861198,2921,[PET] POST PET [ITERATE 1000],200,OK,setUp Thread Group 1-100,text,true,,140,310,100,100,http://localhost:8080/v1/pet,2921,0,0
1652806861184,2947,[PET] POST PET [ITERATE 1000],200,OK,setUp Thread Group 1-8,text,true,,140,308,100,100,http://localhost:8080/v1/pet,2947,0,0
1652806861190,2941,[PET] POST PET [ITERATE 1000],200,OK,setUp Thread Group 1-91,text,true,,140,309,100,100,http://localhost:8080/v1/pet,2941,0,0
1652806861189,2943,[PET] POST PET [ITERATE 1000],200,OK,setUp Thread Group 1-78,text,true,,140,309,100,100,http://localhost:8080/v1/pet,2943,0,0
1652806861212,2921,[PET] POST PET [ITERATE 1000],200,OK,setUp Thread Group 1-89,text,true,,140,309,100,100,http://localhost:8080/v1/pet,2921,0,0
1652806861188,2945,[PET] POST PET [ITERATE 1000],200,OK,setUp Thread Group 1-73,text,true,,140,309,100,100,http://localhost:8080/v1/pet,2945,0,0
1652806861209,2924,[PET] POST PET [ITERATE 1000],200,OK,setUp Thread Group 1-22,text,true,,140,309,100,100,http://localhost:8080/v1/pet,2924,0,0
1652806861185,2950,[PET] POST PET [ITERATE 1000],200,OK,setUp Thread Group 1-38,text,true,,140,309,100,100,http://localhost:8080/v1/pet,2950,0,0
1652806861187,2950,[PET] POST PET [ITERATE 1000],200,OK,setUp Thread Group 1-6,text,true,,140,308,100,100,http://localhost:8080/v1/pet,2950,0,0
1652806861214,2925,[PET] POST PET [ITERATE 1000],200,OK,setUp Thread Group 1-47,text,true,,140,309,100,100,http://localhost:8080/v1/pet,2925,0,0
1652806861219,2920,[PET] POST PET [ITERATE 1000],200,OK,setUp Thread Group 1-7,text,true,,140,308,100,100,http://localhost:8080/v1/pet,2920,0,0
1652806861184,2955,[PET] POST PET [ITERATE 1000],200,OK,setUp Thread Group 1-71,text,true,,140,309,100,100,http://localhost:8080/v1/pet,2955,0,0
1652806861185,2955,[PET] POST PET [ITERATE 1000],200,OK,setUp Thread Group 1-19,text,true,,140,309,100,100,http://localhost:8080/v1/pet,2955,0,0
1652806861210,2931,[PET] POST PET [ITERATE 1000],200,OK,setUp Thread Group 1-79,text,true,,140,309,100,100,http://localhost:8080/v1/pet,2931,0,0
1652806861211,2934,[PET] POST PET [ITERATE 1000],200,OK,setUp Thread Group 1-77,text,true,,140,309,100,100,http://localhost:8080/v1/pet,2934,0,0
1652806861193,2954,[PET] POST PET [ITERATE 1000],200,OK,setUp Thread Group 1-49,text,true,,140,309,100,100,http://localhost:8080/v1/pet,2954,0,0
1652806861188,2961,[PET] POST PET [ITERATE 1000],200,OK,setUp Thread Group 1-41,text,true,,140,309,100,100,http://localhost:8080/v1/pet,2961,0,0
1652806861204,2946,[PET] POST PET [ITERATE 1000],200,OK,setUp Thread Group 1-72,text,true,,140,309,100,100,http://localhost:8080/v1/pet,2946,0,0
1652806861185,2976,[PET] POST PET [ITERATE 1000],200,OK,setUp Thread Group 1-74,text,true,,140,309,100,100,http://localhost:8080/v1/pet,2976,0,0
1652806861191,2971,[PET] POST PET [ITERATE 1000],200,OK,setUp Thread Group 1-81,text,true,,140,309,100,100,http://localhost:8080/v1/pet,2971,0,0
1652806861218,2945,[PET] POST PET [ITERATE 1000],200,OK,setUp Thread Group 1-66,text,true,,140,309,100,100,http://localhost:8080/v1/pet,2945,0,0
1652806861218,2951,[PET] POST PET [ITERATE 1000],200,OK,setUp Thread Group 1-32,text,true,,140,309,100,100,http://localhost:8080/v1/pet,2951,0,0
1652806861187,2983,[PET] POST PET [ITERATE 1000],200,OK,setUp Thread Group 1-33,text,true,,140,309,100,100,http://localhost:8080/v1/pet,2983,0,0
1652806861186,2988,[PET] POST PET [ITERATE 1000],200,OK,setUp Thread Group 1-13,text,true,,140,309,100,100,http://localhost:8080/v1/pet,2988,0,0
1652806861214,2968,[PET] POST PET [ITERATE 1000],200,OK,setUp Thread Group 1-85,text,true,,140,309,100,100,http://localhost:8080/v1/pet,2968,0,0
1652806861188,2994,[PET] POST PET [ITERATE 1000],200,OK,setUp Thread Group 1-29,text,true,,140,309,100,100,http://localhost:8080/v1/pet,2994,0,0
1652806861212,2970,[PET] POST PET [ITERATE 1000],200,OK,setUp Thread Group 1-37,text,true,,140,309,100,100,http://localhost:8080/v1/pet,2970,0,0
1652806863987,3073,[STORE] POST ORDER [ITERATE 1000],200,OK,setUp Thread Group 1-3,text,true,,178,315,100,100,http://localhost:8080/v1/store/order,3073,0,0
1652806864113,2947,[STORE] POST ORDER [ITERATE 1000],200,OK,setUp Thread Group 1-36,text,true,,178,316,100,100,http://localhost:8080/v1/store/order,2947,0,0
1652806863907,3153,[STORE] POST ORDER [ITERATE 1000],200,OK,setUp Thread Group 1-95,text,true,,178,316,100,100,http://localhost:8080/v1/store/order,3153,0,0
1652806864119,2941,[STORE] POST ORDER [ITERATE 1000],200,OK,setUp Thread Group 1-100,text,true,,178,317,100,100,http://localhost:8080/v1/store/order,2941,0,0
1652806863921,3140,[STORE] POST ORDER [ITERATE 1000],200,OK,setUp Thread Group 1-30,text,true,,178,316,100,100,http://localhost:8080/v1/store/order,3140,0,0
1652806863950,3111,[STORE] POST ORDER [ITERATE 1000],200,OK,setUp Thread Group 1-21,text,true,,178,316,100,100,http://localhost:8080/v1/store/order,3111,0,0
1652806863948,3113,[STORE] POST ORDER [ITERATE 1000],200,OK,setUp Thread Group 1-86,text,true,,178,316,100,100,http://localhost:8080/v1/store/order,3113,0,0
1652806864105,2958,[STORE] POST ORDER [ITERATE 1000],200,OK,setUp Thread Group 1-23,text,true,,178,316,97,97,http://localhost:8080/v1/store/order,2958,0,0
1652806863950,3113,[STORE] POST ORDER [ITERATE 1000],200,OK,setUp Thread Group 1-57,text,true,,178,316,97,97,http://localhost:8080/v1/store/order,3113,0,0
1652806863937,3126,[STORE] POST ORDER [ITERATE 1000],200,OK,setUp Thread Group 1-16,text,true,,178,316,97,97,http://localhost:8080/v1/store/order,3126,0,0
1652806863955,3108,[STORE] POST ORDER [ITERATE 1000],200,OK,setUp Thread Group 1-18,text,true,,178,316,97,97,http://localhost:8080/v1/store/order,3108,0,0
1652806863922,3141,[STORE] POST ORDER [ITERATE 1000],200,OK,setUp Thread Group 1-88,text,true,,177,316,97,97,http://localhost:8080/v1/store/order,3141,0,0
1652806864106,2958,[STORE] POST ORDER [ITERATE 1000],200,OK,setUp Thread Group 1-56,text,true,,178,316,96,96,http://localhost:8080/v1/store/order,2958,0,0
1652806864135,2929,[STORE] POST ORDER [ITERATE 1000],200,OK,setUp Thread Group 1-38,text,true,,178,316,94,94,http://localhost:8080/v1/store/order,2929,0,0
1652806864134,2931,[STORE] POST ORDER [ITERATE 1000],200,OK,setUp Thread Group 1-22,text,true,,178,316,88,88,http://localhost:8080/v1/store/order,2931,0,0
1652806863903,3162,[STORE] POST ORDER [ITERATE 1000],200,OK,setUp Thread Group 1-53,text,true,,178,316,86,86,http://localhost:8080/v1/store/order,3162,0,0
1652806864118,2947,[STORE] POST ORDER [ITERATE 1000],200,OK,setUp Thread Group 1-14,text,true,,178,316,86,86,http://localhost:8080/v1/store/order,2947,0,0
1652806864183,2883,[STORE] POST ORDER [ITERATE 1000],200,OK,setUp Thread Group 1-37,text,true,,178,316,85,85,http://localhost:8080/v1/store/order,2882,0,0
1652806864163,2903,[STORE] POST ORDER [ITERATE 1000],200,OK,setUp Thread Group 1-66,text,true,,178,316,83,83,http://localhost:8080/v1/store/order,2903,0,0
1652806863955,3111,[STORE] POST ORDER [ITERATE 1000],200,OK,setUp Thread Group 1-67,text,true,,178,316,83,83,http://localhost:8080/v1/store/order,3111,0,0
1652806864117,2950,[STORE] POST ORDER [ITERATE 1000],200,OK,setUp Thread Group 1-9,text,true,,178,315,81,81,http://localhost:8080/v1/store/order,2950,0,0
1652806864151,2919,[STORE] POST ORDER [ITERATE 1000],200,OK,setUp Thread Group 1-72,text,true,,178,316,79,79,http://localhost:8080/v1/store/order,2919,0,0
1652806863948,3122,[STORE] POST ORDER [ITERATE 1000],200,OK,setUp Thread Group 1-17,text,true,,178,316,79,79,http://localhost:8080/v1/store/order,3122,0,0
1652806863911,3159,[STORE] POST ORDER [ITERATE 1000],200,OK,setUp Thread Group 1-48,text,true,,178,316,79,79,http://localhost:8080/v1/store/order,3159,0,0
1652806864095,2975,[STORE] POST ORDER [ITERATE 1000],200,OK,setUp Thread Group 1-93,text,true,,178,316,79,79,http://localhost:8080/v1/store/order,2975,0,0
1652806863949,3121,[STORE] POST ORDER [ITERATE 1000],200,OK,setUp Thread Group 1-42,text,true,,178,316,79,79,http://localhost:8080/v1/store/order,3121,0,0
1652806864117,2953,[STORE] POST ORDER [ITERATE 1000],200,OK,setUp Thread Group 1-90,text,true,,178,316,79,79,http://localhost:8080/v1/store/order,2953,0,0
1652806863963,3107,[STORE] POST ORDER [ITERATE 1000],200,OK,setUp Thread Group 1-35,text,true,,178,316,76,76,http://localhost:8080/v1/store/order,3107,0,0
1652806863943,3127,[STORE] POST ORDER [ITERATE 1000],200,OK,setUp Thread Group 1-1,text,true,,178,315,76,76,http://localhost:8080/v1/store/order,3127,0,0
1652806864099,2972,[STORE] POST ORDER [ITERATE 1000],200,OK,setUp Thread Group 1-15,text,true,,178,316,76,76,http://localhost:8080/v1/store/order,2972,0,0
1652806863970,3101,[STORE] POST ORDER [ITERATE 1000],200,OK,setUp Thread Group 1-11,text,true,,178,316,70,70,http://localhost:8080/v1/store/order,3101,0,0
1652806864139,2933,[STORE] POST ORDER [ITERATE 1000],200,OK,setUp Thread Group 1-7,text,true,,178,315,69,69,http://localhost:8080/v1/store/order,2933,0,0
1652806864053,3019,[STORE] POST ORDER [ITERATE 1000],200,OK,setUp Thread Group 1-92,text,true,,178,316,68,68,http://localhost:8080/v1/store/order,3019,0,0
1652806864131,2941,[STORE] POST ORDER [ITERATE 1000],200,OK,setUp Thread Group 1-8,text,true,,178,315,68,68,http://localhost:8080/v1/store/order,2941,0,0
1652806863905,3167,[STORE] POST ORDER [ITERATE 1000],200,OK,setUp Thread Group 1-60,text,true,,178,316,68,68,http://localhost:8080/v1/store/order,3167,0,0
1652806864170,2902,[STORE] POST ORDER [ITERATE 1000],200,OK,setUp Thread Group 1-33,text,true,,178,316,68,68,http://localhost:8080/v1/store/order,2902,0,0
1652806864174,2898,[STORE] POST ORDER [ITERATE 1000],200,OK,setUp Thread Group 1-13,text,true,,178,316,68,66,http://localhost:8080/v1/store/order,2898,0,0
1652806863929,3143,[STORE] POST ORDER [ITERATE 1000],200,OK,setUp Thread Group 1-5,text,true,,177,315,65,65,http://localhost:8080/v1/store/order,3143,0,0
1652806863937,3141,[STORE] POST ORDER [ITERATE 1000],200,OK,setUp Thread Group 1-10,text,true,,178,316,62,62,http://localhost:8080/v1/store/order,3141,0,0
1652806863925,3153,[STORE] POST ORDER [ITERATE 1000],200,OK,setUp Thread Group 1-96,text,true,,178,316,62,62,http://localhost:8080/v1/store/order,3153,0,0
1652806863955,3124,[STORE] POST ORDER [ITERATE 1000],200,OK,setUp Thread Group 1-99,text,true,,178,316,62,62,http://localhost:8080/v1/store/order,3123,0,0
1652806863903,3187,[STORE] POST ORDER [ITERATE 1000],200,OK,setUp Thread Group 1-31,text,true,,178,316,59,59,http://localhost:8080/v1/store/order,3187,0,0
1652806863924,3166,[STORE] POST ORDER [ITERATE 1000],200,OK,setUp Thread Group 1-51,text,true,,178,316,59,59,http://localhost:8080/v1/store/order,3166,0,0
1652806864145,2945,[STORE] POST ORDER [ITERATE 1000],200,OK,setUp Thread Group 1-77,text,true,,178,316,59,59,http://localhost:8080/v1/store/order,2945,0,0
1652806864169,2921,[STORE] POST ORDER [ITERATE 1000],200,OK,setUp Thread Group 1-32,text,true,,178,316,59,59,http://localhost:8080/v1/store/order,2921,0,0
1652806864106,2986,[STORE] POST ORDER [ITERATE 1000],200,OK,setUp Thread Group 1-44,text,true,,178,316,55,55,http://localhost:8080/v1/store/order,2986,0,0
1652806864140,2952,[STORE] POST ORDER [ITERATE 1000],200,OK,setUp Thread Group 1-19,text,true,,178,316,55,55,http://localhost:8080/v1/store/order,2952,0,0
1652806863929,3163,[STORE] POST ORDER [ITERATE 1000],200,OK,setUp Thread Group 1-20,text,true,,177,316,55,55,http://localhost:8080/v1/store/order,3163,0,0
1652806863951,3141,[STORE] POST ORDER [ITERATE 1000],200,OK,setUp Thread Group 1-70,text,true,,178,316,53,53,http://localhost:8080/v1/store/order,3141,0,0
1652806863955,3137,[STORE] POST ORDER [ITERATE 1000],200,OK,setUp Thread Group 1-64,text,true,,178,316,53,53,http://localhost:8080/v1/store/order,3137,0,0
1652806863987,3105,[STORE] POST ORDER [ITERATE 1000],200,OK,setUp Thread Group 1-54,text,true,,178,316,53,53,http://localhost:8080/v1/store/order,3105,0,0
1652806863976,3116,[STORE] POST ORDER [ITERATE 1000],200,OK,setUp Thread Group 1-68,text,true,,178,316,53,53,http://localhost:8080/v1/store/order,3116,0,0
1652806863944,3149,[STORE] POST ORDER [ITERATE 1000],200,OK,setUp Thread Group 1-2,text,true,,178,315,52,52,http://localhost:8080/v1/store/order,3149,0,0
1652806863941,3152,[STORE] POST ORDER [ITERATE 1000],200,OK,setUp Thread Group 1-69,text,true,,177,316,52,52,http://localhost:8080/v1/store/order,3152,0,0
1652806863922,3171,[STORE] POST ORDER [ITERATE 1000],200,OK,setUp Thread Group 1-63,text,true,,178,316,49,49,http://localhost:8080/v1/store/order,3171,0,0
1652806864141,2952,[STORE] POST ORDER [ITERATE 1000],200,OK,setUp Thread Group 1-79,text,true,,178,316,49,49,http://localhost:8080/v1/store/order,2952,0,0
1652806864132,2961,[STORE] POST ORDER [ITERATE 1000],200,OK,setUp Thread Group 1-91,text,true,,178,316,46,46,http://localhost:8080/v1/store/order,2961,0,0
1652806863976,3117,[STORE] POST ORDER [ITERATE 1000],200,OK,setUp Thread Group 1-87,text,true,,178,316,46,46,http://localhost:8080/v1/store/order,3117,0,0
1652806864133,2960,[STORE] POST ORDER [ITERATE 1000],200,OK,setUp Thread Group 1-73,text,true,,178,316,46,46,http://localhost:8080/v1/store/order,2960,0,0
1652806863950,3144,[STORE] POST ORDER [ITERATE 1000],200,OK,setUp Thread Group 1-55,text,true,,178,316,45,45,http://localhost:8080/v1/store/order,3144,0,0
1652806864182,2912,[STORE] POST ORDER [ITERATE 1000],200,OK,setUp Thread Group 1-29,text,true,,178,316,44,44,http://localhost:8080/v1/store/order,2912,0,0
1652806863930,3164,[STORE] POST ORDER [ITERATE 1000],200,OK,setUp Thread Group 1-59,text,true,,178,316,44,44,http://localhost:8080/v1/store/order,3164,0,0
1652806864149,2945,[STORE] POST ORDER [ITERATE 1000],200,OK,setUp Thread Group 1-41,text,true,,178,316,44,44,http://localhost:8080/v1/store/order,2945,0,0
1652806863941,3153,[STORE] POST ORDER [ITERATE 1000],200,OK,setUp Thread Group 1-28,text,true,,178,316,43,43,http://localhost:8080/v1/store/order,3153,0,0
1652806863934,3160,[STORE] POST ORDER [ITERATE 1000],200,OK,setUp Thread Group 1-65,text,true,,178,316,40,40,http://localhost:8080/v1/store/order,3160,0,0
1652806863934,3160,[STORE] POST ORDER [ITERATE 1000],200,OK,setUp Thread Group 1-40,text,true,,178,316,40,40,http://localhost:8080/v1/store/order,3160,0,0
1652806863903,3191,[STORE] POST ORDER [ITERATE 1000],200,OK,setUp Thread Group 1-26,text,true,,178,316,40,40,http://localhost:8080/v1/store/order,3191,0,0
1652806864132,2962,[STORE] POST ORDER [ITERATE 1000],200,OK,setUp Thread Group 1-78,text,true,,178,316,40,40,http://localhost:8080/v1/store/order,2962,0,0
1652806864140,2954,[STORE] POST ORDER [ITERATE 1000],200,OK,setUp Thread Group 1-71,text,true,,178,316,40,40,http://localhost:8080/v1/store/order,2954,0,0
1652806863956,3138,[STORE] POST ORDER [ITERATE 1000],200,OK,setUp Thread Group 1-80,text,true,,178,316,40,40,http://localhost:8080/v1/store/order,3138,0,0
1652806863904,3191,[STORE] POST ORDER [ITERATE 1000],200,OK,setUp Thread Group 1-58,text,true,,178,316,40,40,http://localhost:8080/v1/store/order,3191,0,0
1652806863955,3140,[STORE] POST ORDER [ITERATE 1000],200,OK,setUp Thread Group 1-98,text,true,,178,316,39,39,http://localhost:8080/v1/store/order,3140,0,0
1652806863931,3164,[STORE] POST ORDER [ITERATE 1000],200,OK,setUp Thread Group 1-76,text,true,,178,316,39,39,http://localhost:8080/v1/store/order,3164,0,0
1652806864106,2989,[STORE] POST ORDER [ITERATE 1000],200,OK,setUp Thread Group 1-39,text,true,,178,316,39,39,http://localhost:8080/v1/store/order,2989,0,0
1652806863977,3118,[STORE] POST ORDER [ITERATE 1000],200,OK,setUp Thread Group 1-84,text,true,,178,316,36,36,http://localhost:8080/v1/store/order,3118,0,0
1652806863977,3118,[STORE] POST ORDER [ITERATE 1000],200,OK,setUp Thread Group 1-52,text,true,,178,316,35,35,http://localhost:8080/v1/store/order,3118,0,0
1652806864100,2995,[STORE] POST ORDER [ITERATE 1000],200,OK,setUp Thread Group 1-97,text,true,,178,316,35,35,http://localhost:8080/v1/store/order,2995,0,0
1652806864139,2956,[STORE] POST ORDER [ITERATE 1000],200,OK,setUp Thread Group 1-47,text,true,,178,316,34,34,http://localhost:8080/v1/store/order,2956,0,0
1652806863963,3132,[STORE] POST ORDER [ITERATE 1000],200,OK,setUp Thread Group 1-27,text,true,,178,316,31,31,http://localhost:8080/v1/store/order,3132,0,0
1652806864162,2933,[STORE] POST ORDER [ITERATE 1000],200,OK,setUp Thread Group 1-74,text,true,,177,316,31,31,http://localhost:8080/v1/store/order,2933,0,0
1652806863903,3193,[STORE] POST ORDER [ITERATE 1000],200,OK,setUp Thread Group 1-61,text,true,,178,316,29,29,http://localhost:8080/v1/store/order,3193,0,0
1652806863977,3119,[STORE] POST ORDER [ITERATE 1000],200,OK,setUp Thread Group 1-12,text,true,,178,316,28,28,http://localhost:8080/v1/store/order,3119,0,0
1652806863983,3113,[STORE] POST ORDER [ITERATE 1000],200,OK,setUp Thread Group 1-24,text,true,,178,316,27,27,http://localhost:8080/v1/store/order,3113,0,0
1652806863904,3192,[STORE] POST ORDER [ITERATE 1000],200,OK,setUp Thread Group 1-43,text,true,,177,316,27,27,http://localhost:8080/v1/store/order,3192,0,0
1652806864162,2934,[STORE] POST ORDER [ITERATE 1000],200,OK,setUp Thread Group 1-81,text,true,,178,316,27,27,http://localhost:8080/v1/store/order,2934,0,0
1652806863911,3185,[STORE] POST ORDER [ITERATE 1000],200,OK,setUp Thread Group 1-46,text,true,,177,316,26,26,http://localhost:8080/v1/store/order,3185,0,0
1652806864133,2963,[STORE] POST ORDER [ITERATE 1000],200,OK,setUp Thread Group 1-89,text,true,,178,316,25,25,http://localhost:8080/v1/store/order,2963,0,0
1652806863929,3167,[STORE] POST ORDER [ITERATE 1000],200,OK,setUp Thread Group 1-34,text,true,,178,316,25,25,http://localhost:8080/v1/store/order,3167,0,0
1652806863976,3120,[STORE] POST ORDER [ITERATE 1000],200,OK,setUp Thread Group 1-4,text,true,,178,315,25,25,http://localhost:8080/v1/store/order,3120,0,0
1652806864147,2949,[STORE] POST ORDER [ITERATE 1000],200,OK,setUp Thread Group 1-49,text,true,,178,316,23,23,http://localhost:8080/v1/store/order,2949,0,0
1652806864137,2959,[STORE] POST ORDER [ITERATE 1000],200,OK,setUp Thread Group 1-6,text,true,,178,315,23,23,http://localhost:8080/v1/store/order,2959,0,0
1652806863923,3173,[STORE] POST ORDER [ITERATE 1000],200,OK,setUp Thread Group 1-45,text,true,,178,316,21,21,http://localhost:8080/v1/store/order,3172,0,0
1652806864118,2979,[STORE] POST ORDER [ITERATE 1000],200,OK,setUp Thread Group 1-62,text,true,,178,316,18,18,http://localhost:8080/v1/store/order,2979,0,0
1652806863921,3176,[STORE] POST ORDER [ITERATE 1000],200,OK,setUp Thread Group 1-75,text,true,,178,316,17,17,http://localhost:8080/v1/store/order,3176,0,0
1652806864182,2915,[STORE] POST ORDER [ITERATE 1000],200,OK,setUp Thread Group 1-85,text,true,,178,316,14,14,http://localhost:8080/v1/store/order,2915,0,0
1652806863908,3189,[STORE] POST ORDER [ITERATE 1000],200,OK,setUp Thread Group 1-25,text,true,,178,316,14,14,http://localhost:8080/v1/store/order,3189,0,0
1652806863961,3137,[STORE] POST ORDER [ITERATE 1000],200,OK,setUp Thread Group 1-50,text,true,,178,316,11,11,http://localhost:8080/v1/store/order,3137,0,0
1652806863937,3161,[STORE] POST ORDER [ITERATE 1000],200,OK,setUp Thread Group 1-82,text,true,,177,316,8,8,http://localhost:8080/v1/store/order,3161,0,0
1652806864052,3047,[STORE] POST ORDER [ITERATE 1000],200,OK,setUp Thread Group 1-94,text,true,,178,316,6,6,http://localhost:8080/v1/store/order,3047,0,0
1652806864052,3047,[STORE] POST ORDER [ITERATE 1000],200,OK,setUp Thread Group 1-83,text,true,,178,316,4,4,http://localhost:8080/v1/store/order,3047,0,0
